species,order,phylogeny,sex,type,yi,vi,obs_id,sex_type
Aonyx cinerea,Carnivora,Aonyx_cinerea,male,hormonal,0.13723095620065764,0.026028951002548904,1,male_hormonal
Lemur catta,Primates,Lemur_catta,male,hormonal,-0.13777787546858108,0.06711746016085905,2,male_hormonal
Lycaon pictus,Carnivora,Lycaon_pictus,male,hormonal,0.07751281499901205,0.006610646567830457,3,male_hormonal
Procavia capensis,Hyracoidea,Procavia_capensis,male,hormonal,0.30250654739502597,0.02411459140940087,4,male_hormonal
Saguinus imperator,Primates,Saguinus_imperator,male,hormonal,0.018090995711798473,0.038277901054465734,5,male_hormonal
Saguinus oedipus,Primates,Saguinus_oedipus,male,hormonal,0.1972581927908557,0.05898842285675433,6,male_hormonal
Suricata suricatta,Carnivora,Suricata_suricatta,male,hormonal,-0.023959235210752338,0.023574099470450104,7,male_hormonal
Acinonyx jubatus,Carnivora,Acinonyx_jubatus,male,surgical,0.05526936741344137,0.008033395639934068,8,male_surgical
Addax nasomaculatus,Artiodactyla,Addax_nasomaculatus,male,surgical,0.16932351005856486,0.008365813303279096,9,male_surgical
Aepyceros melampus,Artiodactyla,Aepyceros_melampus,male,surgical,0.38650516907881255,0.014785497129462661,10,male_surgical
Alouatta caraya,Primates,Alouatta_caraya,male,surgical,0.039535365326627755,0.024404435660432034,11,male_surgical
Ammotragus lervia,Artiodactyla,Ammotragus_lervia,male,surgical,0.03677324163426351,0.005510698787368156,12,male_surgical
Antidorcas marsupialis,Artiodactyla,Antidorcas_marsupialis,male,surgical,-0.09719021066438192,0.026713544698914436,13,male_surgical
Antilope cervicapra,Artiodactyla,Antilope_cervicapra,male,surgical,0.5263184110602149,0.006321419447990867,14,male_surgical
Aonyx cinerea,Carnivora,Aonyx_cinerea,male,surgical,0.032505776299590804,0.006350057265116548,15,male_surgical
Arctictis binturong,Carnivora,Arctictis_binturong,male,surgical,0.04197798984861925,0.015245831759959385,16,male_surgical
Artibeus jamaicensis,Chiroptera,Artibeus_jamaicensis,male,surgical,0.5673772138417011,0.02326060170828306,17,male_surgical
Ateles geoffroyi,Primates,Ateles_geoffroyi,male,surgical,-0.05092304477791663,0.015110500681589045,18,male_surgical
Axis axis,Artiodactyla,Axis_axis,male,surgical,-0.571762893560894,0.11306662400796605,19,male_surgical
Bison bison,Artiodactyla,Bison_bison,male,surgical,0.04649816321911266,0.006760352279669177,20,male_surgical
Bos grunniens,Artiodactyla,Bos_grunniens,male,surgical,0.10886575249750095,0.02814019323320507,21,male_surgical
Bos javanicus,Artiodactyla,Bos_javanicus,male,surgical,-0.20240580101930816,0.040033793045237645,22,male_surgical
Bos taurus,Artiodactyla,Bos_taurus,male,surgical,0.3408218299535506,0.00868508481341071,23,male_surgical
Boselaphus tragocamelus,Artiodactyla,Boselaphus_tragocamelus,male,surgical,-0.07028240250447339,0.029849172292377615,24,male_surgical
Bubalus arnee,Artiodactyla,Bubalus_arnee,male,surgical,0.5875422328429637,0.020364961013415353,25,male_surgical
Callithrix jacchus,Primates,Callithrix_jacchus,male,surgical,0.36744430913568865,0.01655616010933966,26,male_surgical
Camelus bactrianus,Artiodactyla,Camelus_bactrianus,male,surgical,-0.13942821045015485,0.009266669437710477,27,male_surgical
Camelus dromedarius,Artiodactyla,Camelus_dromedarius,male,surgical,0.025035531973745234,0.013183649437335554,28,male_surgical
Canis latrans,Carnivora,Canis_latrans,male,surgical,0.3288537891581385,0.009848658901390934,29,male_surgical
Canis lupus,Carnivora,Canis_lupus,male,surgical,-0.02072772878229901,0.0018213911282341712,30,male_surgical
Capra aegagrus,Artiodactyla,Capra_aegagrus,male,surgical,0.30421559354305067,0.046678555358310975,31,male_surgical
Capra falconeri,Artiodactyla,Capra_falconeri,male,surgical,0.06996634453298042,0.024010108240062843,32,male_surgical
Capra hircus,Artiodactyla,Capra_hircus,male,surgical,0.02202531078635961,6.381714131838798e-4,33,male_surgical
Capra nubiana,Artiodactyla,Capra_nubiana,male,surgical,0.20072620512680373,0.016473917328909463,34,male_surgical
Carollia perspicillata,Chiroptera,Carollia_perspicillata,male,surgical,0.9809024523914077,0.044715250968272294,35,male_surgical
Cavia porcellus,Rodentia,Cavia_porcellus,male,surgical,0.10640835773587783,0.0060658042810200945,36,male_surgical
Cebus capucinus,Primates,Cebus_capucinus,male,surgical,0.8638890848233896,0.3089643975759571,37,male_surgical
Cervus canadensis,Artiodactyla,Cervus_canadensis,male,surgical,0.45641631695734247,0.022539342879069838,38,male_surgical
Cervus elaphus,Artiodactyla,Cervus_elaphus,male,surgical,-0.10838382817878076,0.013833546116229395,39,male_surgical
Cervus nippon,Artiodactyla,Cervus_nippon,male,surgical,-0.25136387560601653,0.024869856725368483,40,male_surgical
Chinchilla lanigera,Rodentia,Chinchilla_lanigera,male,surgical,0.11246640937465847,0.023397162775100983,41,male_surgical
Chlorocebus aethiops,Primates,Chlorocebus_aethiops,male,surgical,0.21501719076325862,0.06867052777350642,42,male_surgical
Colobus guereza,Primates,Colobus_guereza,male,surgical,0.01746352666159187,0.016115873833470056,43,male_surgical
Connochaetes taurinus,Artiodactyla,Connochaetes_taurinus,male,surgical,0.34782551731910977,0.010043427611592305,44,male_surgical
Cynomys ludovicianus,Rodentia,Cynomys_ludovicianus,male,surgical,-0.07074260581787042,0.009685469088320249,45,male_surgical
Dama dama,Artiodactyla,Dama_dama,male,surgical,0.1727064984800513,0.016713044803042382,46,male_surgical
Damaliscus pygargus,Artiodactyla,Damaliscus_pygargus,male,surgical,0.07824350766293833,0.026493028891269713,47,male_surgical
Desmodus rotundus,Chiroptera,Desmodus_rotundus,male,surgical,0.5172712067852482,0.015351123808528433,48,male_surgical
Didelphis virginiana,Didelphimorphia,Didelphis_virginiana,male,surgical,0.43954761254379965,0.015331937686921258,49,male_surgical
Dolichotis patagonum,Rodentia,Dolichotis_patagonum,male,surgical,0.2715301605106475,0.017229521811210194,50,male_surgical
Eidolon helvum,Chiroptera,Eidolon_helvum,male,surgical,0.19069498316434375,0.0040491672563073445,51,male_surgical
Equus_africanus,Perissodactyla,Equus_africanus,male,surgical,0.12991326054918187,0.00269501563173919,52,male_surgical
Equus caballus,Perissodactyla,Equus_caballus,male,surgical,0.24716183048928672,0.001997773053248892,53,male_surgical
Equus hemionus,Perissodactyla,Equus_hemionus,male,surgical,0.9853589080382315,0.20905024461526267,54,male_surgical
Equus quagga,Perissodactyla,Equus_quagga,male,surgical,0.40986212493982177,0.008219482021874197,55,male_surgical
Erythrocebus patas,Primates,Erythrocebus_patas,male,surgical,0.03867982398162913,0.02216896551726184,56,male_surgical
Eudorcas thomsonii,Artiodactyla,Eudorcas_thomsonii,male,surgical,0.7398948406295727,0.021146935932009225,57,male_surgical
Felis catus,Carnivora,Felis_catus,male,surgical,0.33927072386405044,0.007285750294922769,58,male_surgical
Giraffa camelopardalis,Artiodactyla,Giraffa_camelopardalis,male,surgical,0.21967461075907224,0.006447576649948728,59,male_surgical
Hemitragus jemlahicus,Artiodactyla,Hemitragus_jemlahicus,male,surgical,0.2557853837341298,0.022677540056341598,60,male_surgical
Hippotragus niger,Artiodactyla,Hippotragus_niger,male,surgical,0.021568720834942972,0.04209036058079399,61,male_surgical
Hydrochoerus hydrochaeris,Rodentia,Hydrochoerus_hydrochaeris,male,surgical,-0.049977679427933866,0.008682937417281596,62,male_surgical
Hystrix indica,Rodentia,Hystrix_indica,male,surgical,0.11816166128734651,0.033730186552495954,63,male_surgical
Kobus ellipsiprymnus,Artiodactyla,Kobus_ellipsiprymnus,male,surgical,0.3837924257626126,0.007179074294521689,64,male_surgical
Kobus leche,Artiodactyla,Kobus_leche,male,surgical,0.34501279700249043,0.037906649050726375,65,male_surgical
Kobus megaceros,Artiodactyla,Kobus_megaceros,male,surgical,0.12083722719061009,0.0141331584385379,66,male_surgical
Lama glama,Artiodactyla,Lama_glama,male,surgical,-0.07381364516517767,0.004159895056123324,67,male_surgical
Lama guanicoe,Artiodactyla,Lama_guanicoe,male,surgical,0.1749935161388658,0.014466218778609369,68,male_surgical
Lemur catta,Primates,Lemur_catta,male,surgical,0.06853422518833657,0.004140748386036787,69,male_surgical
Leptailurus serval,Carnivora,Leptailurus_serval,male,surgical,0.14824295267516044,0.009274930728100194,70,male_surgical
Lycaon pictus,Carnivora,Lycaon_pictus,male,surgical,-0.2537071622345142,0.018603055810626854,71,male_surgical
Lynx lynx,Carnivora,Lynx_lynx,male,surgical,-0.13624524205959285,0.005957414421790832,72,male_surgical
Lynx rufus,Carnivora,Lynx_rufus,male,surgical,0.1744968260219065,0.002883414336549645,73,male_surgical
Macaca fascicularis,Primates,Macaca_fascicularis,male,surgical,0.13030101689373974,0.04316875940205227,74,male_surgical
Macaca fuscata,Primates,Macaca_fuscata,male,surgical,0.2517686307078796,0.009272904179900699,75,male_surgical
Macaca leonina,Primates,Macaca_leonina,male,surgical,-0.1086445153201313,0.10847006169615718,76,male_surgical
Macaca mulatta,Primates,Macaca_mulatta,male,surgical,0.41792366889567617,0.010743763601081577,77,male_surgical
Macaca nemestrina,Primates,Macaca_nemestrina,male,surgical,0.25174182499415615,0.04147130926992204,78,male_surgical
Macaca nigra,Primates,Macaca_nigra,male,surgical,-0.4174571589264895,0.019630631943205915,79,male_surgical
Macaca silenus,Primates,Macaca_silenus,male,surgical,0.04874646808272115,0.012535492795790616,80,male_surgical
Macaca sylvanus,Primates,Macaca_sylvanus,male,surgical,0.32304345427611353,0.012098764219638273,81,male_surgical
Macaca tonkeana,Primates,Macaca_tonkeana,male,surgical,0.04233335839336975,0.033084031500010956,82,male_surgical
Macropus eugenii,Diprotodontia,Macropus_eugenii,male,surgical,0.4032130001742756,0.03789365381297648,83,male_surgical
Macropus fuliginosus,Diprotodontia,Macropus_fuliginosus,male,surgical,0.1714399317650361,0.02014099557371196,84,male_surgical
Macropus giganteus,Diprotodontia,Macropus_giganteus,male,surgical,0.8197860560525573,0.015906134893403097,85,male_surgical
Macropus parma,Diprotodontia,Macropus_parma,male,surgical,0.28532515467138025,0.03469494150704406,86,male_surgical
Macropus robustus,Diprotodontia,Macropus_robustus,male,surgical,0.0530816948857944,0.027252068217122574,87,male_surgical
Macropus rufogriseus,Diprotodontia,Macropus_rufogriseus,male,surgical,0.2019643819529823,0.0036656803885723862,88,male_surgical
Macropus rufus,Diprotodontia,Macropus_rufus,male,surgical,0.20640568798763118,0.0037998099196467914,89,male_surgical
Mephitis mephitis,Carnivora,Mephitis_mephitis,male,surgical,0.047960777683247524,0.006993726894543386,90,male_surgical
Mungos mungo,Carnivora,Mungos_mungo,male,surgical,0.0027965078457064495,0.03226668072912534,91,male_surgical
Muntiacus reevesi,Artiodactyla,Muntiacus_reevesi,male,surgical,0.4757770881258498,0.01325751890274389,92,male_surgical
Mustela nigripes,Carnivora,Mustela_nigripes,male,surgical,-0.04473463288324608,0.002544534820023464,93,male_surgical
Mustela putorius,Carnivora,Mustela_putorius,male,surgical,-0.06015376275445658,0.002400307272590532,94,male_surgical
Myocastor coypus,Rodentia,Myocastor_coypus,male,surgical,0.1123544770148167,0.045022449343047034,95,male_surgical
Nasua narica,Carnivora,Nasua_narica,male,surgical,-0.017211537284281247,0.012803083490238268,96,male_surgical
Nasua nasua,Carnivora,Nasua_nasua,male,surgical,0.12946904761383615,0.0060089318301652355,97,male_surgical
Nyctereutes procyonoides,Carnivora,Nyctereutes_procyonoides,male,surgical,-0.15042870557769988,0.03342883548011821,98,male_surgical
Octodon degus,Rodentia,Octodon_degus,male,surgical,-0.06013272490975894,0.011571067519193845,99,male_surgical
Odocoileus virginianus,Artiodactyla,Odocoileus_virginianus,male,surgical,0.2440915128690821,0.009604968073566523,100,male_surgical
Oryctolagus cuniculus,Lagomorpha,Oryctolagus_cuniculus,male,surgical,0.10859265249831306,0.0024784801907006574,101,male_surgical
Oryx dammah,Artiodactyla,Oryx_dammah,male,surgical,0.3587065464673273,0.00505335285277824,102,male_surgical
Oryx gazella,Artiodactyla,Oryx_gazella,male,surgical,0.3397488380433567,0.013861395485399523,103,male_surgical
Ovis aries,Artiodactyla,Ovis_aries,male,surgical,0.3178377603297685,0.0038674559724668107,104,male_surgical
Ovis canadensis,Artiodactyla,Ovis_canadensis,male,surgical,0.43759840027325303,0.016508697142724862,105,male_surgical
Pan troglodytes,Primates,Pan_troglodytes,male,surgical,0.4550672466441095,0.00966974479147136,106,male_surgical
Panthera leo,Carnivora,Panthera_leo,male,surgical,-0.13244690677475823,0.0029875866133286253,107,male_surgical
Panthera pardus,Carnivora,Panthera_pardus,male,surgical,-0.2447649048586762,0.018853434819999865,108,male_surgical
Panthera tigris,Carnivora,Panthera_tigris,male,surgical,-0.14010683308193564,0.0033643039363668342,109,male_surgical
Papio anubis,Primates,Papio_anubis,male,surgical,0.7721701500010173,0.09891583747372898,110,male_surgical
Papio hamadryas,Primates,Papio_hamadryas,male,surgical,0.3633211926732183,0.003836077000618852,111,male_surgical
Papio papio,Primates,Papio_papio,male,surgical,-0.0965873281149617,0.030713919237089382,112,male_surgical
Pecari tajacu,Artiodactyla,Pecari_tajacu,male,surgical,0.5505998285907904,0.009462344985632008,113,male_surgical
Petaurus breviceps,Diprotodontia,Petaurus_breviceps,male,surgical,-0.13754272490196467,0.010240718640497666,114,male_surgical
Petrogale xanthopus,Diprotodontia,Petrogale_xanthopus,male,surgical,0.42744136525544457,0.012394337783792824,115,male_surgical
Phacochoerus africanus,Artiodactyla,Phacochoerus_africanus,male,surgical,0.005264660661417633,0.022625282390834715,116,male_surgical
Phascolarctos cinereus,Diprotodontia,Phascolarctos_cinereus,male,surgical,0.8107533786572582,0.025679145601356333,117,male_surgical
Pithecia pithecia,Primates,Pithecia_pithecia,male,surgical,0.19500531043751052,0.04184210314818745,118,male_surgical
Potamochoerus porcus,Artiodactyla,Potamochoerus_porcus,male,surgical,0.11228818883288401,0.014805327098652043,119,male_surgical
Potos flavus,Carnivora,Potos_flavus,male,surgical,0.28928539199570336,0.02195272480475921,120,male_surgical
Procavia capensis,Hyracoidea,Procavia_capensis,male,surgical,0.059687502018895784,0.0212100441397568,121,male_surgical
Procyon lotor,Carnivora,Procyon_lotor,male,surgical,0.24502222753418967,0.004074253974953413,122,male_surgical
Puma concolor,Carnivora,Puma_concolor,male,surgical,0.16788230426397963,0.002929677331932127,123,male_surgical
Rangifer tarandus,Artiodactyla,Rangifer_tarandus,male,surgical,0.3435023723270913,0.015420103564765262,124,male_surgical
Rattus norvegicus,Rodentia,Rattus_norvegicus,male,surgical,-0.02312382943053968,0.004980479924945507,125,male_surgical
Rousettus aegyptiacus,Chiroptera,Rousettus_aegyptiacus,male,surgical,-0.4289495008775383,0.004582785740464905,126,male_surgical
Saguinus oedipus,Primates,Saguinus_oedipus,male,surgical,0.11310558299258189,0.012296349915891023,127,male_surgical
Saimiri boliviensis,Primates,Saimiri_boliviensis,male,surgical,-0.17509500745024398,0.02027497413778663,128,male_surgical
Saimiri sciureus,Primates,Saimiri_sciureus,male,surgical,0.34566847624770786,0.01935248408206799,129,male_surgical
Sapajus apella,Primates,Sapajus_apella,male,surgical,-0.04382635183476993,0.01046684493264234,130,male_surgical
Sapajus xanthosternos,Primates,Sapajus_xanthosternos,male,surgical,0.45893470019173943,0.19721501094302119,131,male_surgical
Suricata suricatta,Carnivora,Suricata_suricatta,male,surgical,0.01250751784900602,0.0021670169008020084,132,male_surgical
Sus scrofa,Artiodactyla,Sus_scrofa,male,surgical,0.1742841668472363,0.004112420608922468,133,male_surgical
Tapirus terrestris,Perissodactyla,Tapirus_terrestris,male,surgical,0.19482758415075277,0.0663372812237278,134,male_surgical
Tragelaphus angasii,Artiodactyla,Tragelaphus_angasii,male,surgical,0.10995960993659087,0.040270892600965384,135,male_surgical
Tragelaphus oryx,Artiodactyla,Tragelaphus_oryx,male,surgical,0.14246341123423756,0.004404068625212778,136,male_surgical
Tragelaphus strepsiceros,Artiodactyla,Tragelaphus_strepsiceros,male,surgical,-0.03256277854167336,0.01767092291428776,137,male_surgical
Ursus americanus,Carnivora,Ursus_americanus,male,surgical,0.0812128365015071,0.0051162352840896175,138,male_surgical
Ursus arctos,Carnivora,Ursus_arctos,male,surgical,0.05536689282886199,0.005958848295697405,139,male_surgical
Varecia variegata,Primates,Varecia_variegata,male,surgical,0.11570052230187211,0.010291821394269346,140,male_surgical
Vicugna pacos,Artiodactyla,Vicugna_pacos,male,surgical,0.06755721812508599,0.004100119169387337,141,male_surgical
Vicugna vicugna,Artiodactyla,Vicugna_vicugna,male,surgical,0.20447894992534058,0.05673147134283916,142,male_surgical
Vulpes lagopus,Carnivora,Vulpes_lagopus,male,surgical,0.09054064316798116,0.01627119277215037,143,male_surgical
Vulpes vulpes,Carnivora,Vulpes_vulpes,male,surgical,0.15490679023730689,0.010684499301998185,144,male_surgical
Vulpes zerda,Carnivora,Vulpes_zerda,male,surgical,-0.11664619743212985,0.008043904526852587,145,male_surgical
Wallabia bicolor,Diprotodontia,Wallabia_bicolor,male,surgical,1.184379433814282,0.07273336014194448,146,male_surgical
Zalophus californianus,Carnivora,Zalophus_californianus,male,surgical,0.08258988939208274,0.006884947003329923,147,male_surgical
Ailurus fulgens,Carnivora,Ailurus_fulgens,female,hormonal,-0.16484546277319276,0.009311808771294464,148,female_hormonal
Alouatta caraya,Primates,Alouatta_caraya,female,hormonal,0.44499663797859496,0.013857834542660711,149,female_hormonal
Aonyx cinerea,Carnivora,Aonyx_cinerea,female,hormonal,0.1764752255503531,0.00805901485550964,150,female_hormonal
Ateles fusciceps,Primates,Ateles_fusciceps,female,hormonal,0.24727149689959071,0.13170590074301602,151,female_hormonal
Ateles geoffroyi,Primates,Ateles_geoffroyi,female,hormonal,0.06952880532212974,0.02780679488542844,152,female_hormonal
Axis axis,Artiodactyla,Axis_axis,female,hormonal,-0.0914361249413971,0.01740153681954835,153,female_hormonal
Callimico goeldii,Primates,Callimico_goeldii,female,hormonal,-0.07257766505586588,0.026096212748350063,154,female_hormonal
Callithrix geoffroyi,Primates,Callithrix_geoffroyi,female,hormonal,-0.06919544135320371,0.016721306944668276,155,female_hormonal
Callithrix jacchus,Primates,Callithrix_jacchus,female,hormonal,0.06113878006656294,0.01812417734429468,156,female_hormonal
Canis lupus,Carnivora,Canis_lupus,female,hormonal,-0.3396435171726069,0.01132098629923005,157,female_hormonal
Capra hircus,Artiodactyla,Capra_hircus,female,hormonal,-0.1015252676723872,0.02230643021479784,158,female_hormonal
Cebuella pygmaea,Primates,Cebuella_pygmaea,female,hormonal,0.24983952668082138,0.048973930661369874,159,female_hormonal
Cercopithecus neglectus,Primates,Cercopithecus_neglectus,female,hormonal,0.23127371547444683,0.05304168081283504,160,female_hormonal
Cervus canadensis,Artiodactyla,Cervus_canadensis,female,hormonal,0.009376071635195842,0.011409674477894606,161,female_hormonal
Colobus angolensis,Primates,Colobus_angolensis,female,hormonal,0.4216697392337581,0.11799723993623143,162,female_hormonal
Colobus guereza,Primates,Colobus_guereza,female,hormonal,0.4634985390890008,0.01084772376219394,163,female_hormonal
Erythrocebus patas,Primates,Erythrocebus_patas,female,hormonal,0.04553386207623755,0.01633399043511328,164,female_hormonal
Eulemur coronatus,Primates,Eulemur_coronatus,female,hormonal,0.3308450995382708,0.012195149202328979,165,female_hormonal
Eulemur macaco,Primates,Eulemur_macaco,female,hormonal,0.5105913348082906,0.04332360613591214,166,female_hormonal
Eulemur rubriventer,Primates,Eulemur_rubriventer,female,hormonal,0.034851259089538754,0.09368537972519284,167,female_hormonal
Giraffa camelopardalis,Artiodactyla,Giraffa_camelopardalis,female,hormonal,0.19813898594617776,0.006453245010190297,168,female_hormonal
Gorilla gorilla,Primates,Gorilla_gorilla,female,hormonal,0.3585873859334735,0.02062131287125464,169,female_hormonal
Hippopotamus amphibius,Artiodactyla,Hippopotamus_amphibius,female,hormonal,0.48908158690653,0.09116423496294332,170,female_hormonal
Hydrochoerus hydrochaeris,Rodentia,Hydrochoerus_hydrochaeris,female,hormonal,0.014939252063810617,0.03366306338322106,171,female_hormonal
Hylobates lar,Primates,Hylobates_lar,female,hormonal,0.12420871656192096,0.04267522654052958,172,female_hormonal
Lemur catta,Primates,Lemur_catta,female,hormonal,0.1892090610343176,0.0037611239582772565,173,female_hormonal
Leontopithecus chrysomelas,Primates,Leontopithecus_chrysomelas,female,hormonal,0.33294095951570696,0.012835875805628628,174,female_hormonal
Leontopithecus rosalia,Primates,Leontopithecus_rosalia,female,hormonal,0.14910560867844674,0.008392742984723232,175,female_hormonal
Lycaon pictus,Carnivora,Lycaon_pictus,female,hormonal,-0.21524878747168572,0.01119956562679637,176,female_hormonal
Lynx lynx,Carnivora,Lynx_lynx,female,hormonal,0.15257098270773742,0.02656744029633887,177,female_hormonal
Macaca fascicularis,Primates,Macaca_fascicularis,female,hormonal,-0.10734328824143803,0.020917223953788564,178,female_hormonal
Macaca fuscata,Primates,Macaca_fuscata,female,hormonal,0.10047985453640088,0.006025954369674416,179,female_hormonal
Macaca nigra,Primates,Macaca_nigra,female,hormonal,-0.062472433726732994,0.016409114738119145,180,female_hormonal
Macaca silenus,Primates,Macaca_silenus,female,hormonal,0.06133308471964439,0.019730370637067826,181,female_hormonal
Macaca sylvanus,Primates,Macaca_sylvanus,female,hormonal,0.2166631803935255,0.007639958965938614,182,female_hormonal
Macaca tonkeana,Primates,Macaca_tonkeana,female,hormonal,-0.4354549862523127,0.050874690390980457,183,female_hormonal
Macropus rufus,Diprotodontia,Macropus_rufus,female,hormonal,-0.042686388860488075,0.01947321273007415,184,female_hormonal
Muntiacus reevesi,Artiodactyla,Muntiacus_reevesi,female,hormonal,0.08439563723525523,0.0217899844499698,185,female_hormonal
Mustela putorius,Carnivora,Mustela_putorius,female,hormonal,-0.2945091204532564,0.02664484233143369,186,female_hormonal
Nasua nasua,Carnivora,Nasua_nasua,female,hormonal,0.009043742974587187,0.019997884876663985,187,female_hormonal
Octodon degus,Rodentia,Octodon_degus,female,hormonal,0.29829844587883697,0.028217075531014272,188,female_hormonal
Pan paniscus,Primates,Pan_paniscus,female,hormonal,-0.4063491309884245,0.438184337680548,189,female_hormonal
Pan troglodytes,Primates,Pan_troglodytes,female,hormonal,0.15899148820118242,0.004813513713699736,190,female_hormonal
Panthera leo,Carnivora,Panthera_leo,female,hormonal,0.16869549732938885,0.002480861539285425,191,female_hormonal
Panthera onca,Carnivora,Panthera_onca,female,hormonal,0.019543046264004535,0.010320647960576614,192,female_hormonal
Panthera pardus,Carnivora,Panthera_pardus,female,hormonal,0.022713916107909772,0.018945982962395507,193,female_hormonal
Panthera tigris,Carnivora,Panthera_tigris,female,hormonal,-0.01818719554830407,0.004206760152074294,194,female_hormonal
Papio hamadryas,Primates,Papio_hamadryas,female,hormonal,0.2760873033230982,0.0024168070396542243,195,female_hormonal
Papio papio,Primates,Papio_papio,female,hormonal,-0.013074622861801352,0.019043035337489862,196,female_hormonal
Petrogale xanthopus,Diprotodontia,Petrogale_xanthopus,female,hormonal,0.05743042814568393,0.020188342731430532,197,female_hormonal
Phacochoerus africanus,Artiodactyla,Phacochoerus_africanus,female,hormonal,0.07100288600203492,0.0149453352035964,198,female_hormonal
Pithecia pithecia,Primates,Pithecia_pithecia,female,hormonal,0.4566070938991322,0.026794791981629307,199,female_hormonal
Pongo abelii,Primates,Pongo_abelii,female,hormonal,0.2609100676785181,0.0350041985169011,200,female_hormonal
Pongo pygmaeus,Primates,Pongo_pygmaeus,female,hormonal,0.3391481076784537,0.030474051580798633,201,female_hormonal
Potamochoerus porcus,Artiodactyla,Potamochoerus_porcus,female,hormonal,-0.026908720574165275,0.012465175733982457,202,female_hormonal
Propithecus coquereli,Primates,Propithecus_coquereli,female,hormonal,0.7441546206169847,0.04580613607073067,203,female_hormonal
Pteropus rodricensis,Chiroptera,Pteropus_rodricensis,female,hormonal,0.174086036231394,0.01572425492250824,204,female_hormonal
Saguinus bicolor,Primates,Saguinus_bicolor,female,hormonal,0.5377663558697154,0.0420628973389771,205,female_hormonal
Saguinus imperator,Primates,Saguinus_imperator,female,hormonal,0.20154939164894092,0.01107967676663429,206,female_hormonal
Saguinus oedipus,Primates,Saguinus_oedipus,female,hormonal,0.24892364200307399,0.00844784056386296,207,female_hormonal
Saimiri boliviensis,Primates,Saimiri_boliviensis,female,hormonal,-0.217304057598001,0.038995156143694594,208,female_hormonal
Saimiri sciureus,Primates,Saimiri_sciureus,female,hormonal,0.3907331608578281,0.025558014972574088,209,female_hormonal
Sapajus apella,Primates,Sapajus_apella,female,hormonal,0.6795008885190419,0.06225327146100327,210,female_hormonal
Sapajus xanthosternos,Primates,Sapajus_xanthosternos,female,hormonal,0.5618169091266286,0.3378457103457444,211,female_hormonal
Suricata suricatta,Carnivora,Suricata_suricatta,female,hormonal,0.12739904809696886,0.004115795702116034,212,female_hormonal
Symphalangus syndactylus,Primates,Symphalangus_syndactylus,female,hormonal,0.5788248256155081,0.06499769362956564,213,female_hormonal
Tapirus terrestris,Perissodactyla,Tapirus_terrestris,female,hormonal,0.13152416141163484,0.033226055307165624,214,female_hormonal
Theropithecus gelada,Primates,Theropithecus_gelada,female,hormonal,0.15826914450586735,0.08315752992893026,215,female_hormonal
Trachypithecus auratus,Primates,Trachypithecus_auratus,female,hormonal,-0.2550920860858,0.042415222366650455,216,female_hormonal
Trachypithecus cristatus,Primates,Trachypithecus_cristatus,female,hormonal,0.5228849822164238,0.15477508700626882,217,female_hormonal
Trachypithecus francoisi,Primates,Trachypithecus_francoisi,female,hormonal,-0.004814301572054798,0.03954989409283218,218,female_hormonal
Tragelaphus strepsiceros,Artiodactyla,Tragelaphus_strepsiceros,female,hormonal,-0.21833922514336657,0.018056008532994196,219,female_hormonal
Varecia rubra,Primates,Varecia_rubra,female,hormonal,0.14178496129711804,0.006775089882445079,220,female_hormonal
Varecia variegata,Primates,Varecia_variegata,female,hormonal,0.09648916300239052,0.012167827602351033,221,female_hormonal
Zalophus californianus,Carnivora,Zalophus_californianus,female,hormonal,0.05998482756648371,0.035229959777337054,222,female_hormonal
Canis latrans,Carnivora,Canis_latrans,female,surgical,0.23823325646619548,0.011420601738384098,223,female_surgical
Canis lupus,Carnivora,Canis_lupus,female,surgical,0.09533751615152897,0.0025242907990078232,224,female_surgical
Cavia porcellus,Rodentia,Cavia_porcellus,female,surgical,-0.24262800423634193,0.0139408836614777,225,female_surgical
Cynomys ludovicianus,Rodentia,Cynomys_ludovicianus,female,surgical,-0.19432763404202066,0.023370801112497473,226,female_surgical
Eidolon helvum,Chiroptera,Eidolon_helvum,female,surgical,0.11134877988316665,0.0060707112082177455,227,female_surgical
Felis catus,Carnivora,Felis_catus,female,surgical,0.22641941633198617,0.0035970195102747312,228,female_surgical
Lemur catta,Primates,Lemur_catta,female,surgical,-0.027548402700385048,0.01346227105989172,229,female_surgical
Leptailurus serval,Carnivora,Leptailurus_serval,female,surgical,0.06480052096656143,0.02061749415563835,230,female_surgical
Lycaon pictus,Carnivora,Lycaon_pictus,female,surgical,-0.21501031910315818,0.007618543319087463,231,female_surgical
Lynx rufus,Carnivora,Lynx_rufus,female,surgical,0.07794175690818478,0.0039971838857313325,232,female_surgical
Macaca fascicularis,Primates,Macaca_fascicularis,female,surgical,0.04237083994910472,0.012942934810399223,233,female_surgical
Macaca fuscata,Primates,Macaca_fuscata,female,surgical,0.5101819034526645,0.016432993749964965,234,female_surgical
Macaca mulatta,Primates,Macaca_mulatta,female,surgical,0.35693222563847066,0.024138651468799722,235,female_surgical
Mephitis mephitis,Carnivora,Mephitis_mephitis,female,surgical,0.2837071508074772,0.009873534269170687,236,female_surgical
Mustela nigripes,Carnivora,Mustela_nigripes,female,surgical,-0.008304161485760962,0.0029380853314896066,237,female_surgical
Mustela putorius,Carnivora,Mustela_putorius,female,surgical,0.15742532503568948,0.0033017719230436808,238,female_surgical
Nasua nasua,Carnivora,Nasua_nasua,female,surgical,0.07323877058362721,0.02347970921313763,239,female_surgical
Oryctolagus cuniculus,Lagomorpha,Oryctolagus_cuniculus,female,surgical,0.31334959949624025,0.0037382106622243557,240,female_surgical
Panthera leo,Carnivora,Panthera_leo,female,surgical,0.017576911308003776,0.003010913929584422,241,female_surgical
Panthera pardus,Carnivora,Panthera_pardus,female,surgical,-0.08215895586415543,0.012333478846954089,242,female_surgical
Panthera tigris,Carnivora,Panthera_tigris,female,surgical,-0.0231408931278888,0.003621398001762365,243,female_surgical
Papio hamadryas,Primates,Papio_hamadryas,female,surgical,0.2550856843525982,0.003184611660093494,244,female_surgical
Procyon lotor,Carnivora,Procyon_lotor,female,surgical,0.11019111436618953,0.006353011218911129,245,female_surgical
Puma concolor,Carnivora,Puma_concolor,female,surgical,0.15788156337053513,0.0037750443242011897,246,female_surgical
Rattus norvegicus,Rodentia,Rattus_norvegicus,female,surgical,0.05966799239284692,0.007772925923424205,247,female_surgical
Saimiri sciureus,Primates,Saimiri_sciureus,female,surgical,0.1662240575306526,0.03793570299519948,248,female_surgical
Suricata suricatta,Carnivora,Suricata_suricatta,female,surgical,-0.11142858412822729,0.009392631936728044,249,female_surgical
Sus scrofa,Artiodactyla,Sus_scrofa,female,surgical,0.150692268196599,0.01222391662414668,250,female_surgical
Vulpes vulpes,Carnivora,Vulpes_vulpes,female,surgical,0.1643306254742351,0.026829353011057377,251,female_surgical
Giraffa camelopardalis,Artiodactyla,Giraffa_camelopardalis,male,immunological,0.2823255165067388,0.05657120247729063,252,male_immunological
Bison bison,Artiodactyla,Bison_bison,female,immunological,0.2056523856389047,0.02133573973202449,253,female_immunological
Giraffa camelopardalis,Artiodactyla,Giraffa_camelopardalis,female,immunological,0.1334385403565128,0.008841867446761383,254,female_immunological
